PetID,AdoptionSpeed
3f8824a3b,4
9238eb7fc,4
f0a1f2b90,4
7d028bdea,1
8377bfe97,4
965b31ba7,1
3760c73b1,1
f41a7de83,4
7b660c6af,1
f94c2a347,4
c5072890c,4
a0e71d03a,4
a37c82165,4
d0aa84916,3
765039f34,3
37ea8d2db,3
5b07e0e6a,2
edd2ebd5e,4
2d758a13b,1
ee3b21a9a,2
324266c95,2
1ed55129a,3
41b98eea2,3
bf99a973b,4
5de61cf6b,1
7addf37de,1
5bae0f028,2
2533f425e,1
98f5b7ecf,1
ec8608c1c,1
93f758039,2
de445d837,4
2898238f2,3
1a47d1c94,1
23367e78c,2
94b6d93ea,1
ba8d53f1e,4
7e29d5a9d,1
8e3e0ffde,2
eee3ab446,1
4c674cc1f,3
a6231927c,3
147bd18e0,4
87554ea1f,2
61e477c0a,2
f261c9968,2
474bccd75,3
ded3b183c,1
3b1976326,2
f526c71a0,2
861d65847,3
bda912e4e,1
32d8fa52b,3
9f0f70e44,2
973dddde5,2
902087c95,4
dd065921b,1
d4bdcd89c,2
26d0bfe44,4
536475bf3,4
082c6dee3,3
7de2f688b,3
ace3a3299,4
2463e0981,2
e936b0102,1
d01e08ee2,4
ca39efaf2,4
631c813af,2
4b4f32911,4
bec6cc26b,1
8ca49ce85,4
1cdf69df6,1
c2816bdff,4
b30bcaab6,3
5b9bed882,1
233aeb07c,4
ff601e5ec,4
a3e32d538,4
31b90821f,1
4eba3b5c0,4
52c904832,2
9e5ba0e42,2
e6c917eb2,1
eeaa5c53c,2
ffd61a488,1
3f4e4f83f,2
694b994c8,4
b2d7d59c9,4
4b7f7fcca,2
3a39613fa,4
4212729be,4
0d7f7a155,1
40ea976de,3
976336c52,1
5649192e9,2
fd60c4aa4,1
a993cd91a,2
552d8047c,4
8cf927527,2
5d83f98eb,1
e16bb6356,4
868dcd617,1
7faf2e49d,3
27a7a1795,4
f5cb16efb,4
5f19552c0,2
619dcb4e6,4
d34b6f762,3
7a785a607,4
ff85f13d7,2
7d11f10b1,1
f4cf82def,1
748207a86,1
c18984292,3
a143b5edf,1
439aafc10,4
4ec3a7275,2
ff706f8cc,2
9dfee7db3,4
035ff37c6,2
f796b0a30,4
508f87cfc,2
4c6dc89df,2
5a17d8cea,3
6607c6e22,4
cd1947175,3
2d8b42d21,3
de0ace433,3
769d800fa,2
12d48709c,2
44817c8f4,3
6774f84e3,4
a0da2621e,2
fe3d0c6e4,4
89ba257e1,1
ba5526238,3
c72bd65dc,4
6f3e5cbd8,2
12ba67e43,1
810b069f2,4
4f23f9105,2
d85a78cf9,4
71ec53012,1
c4277da90,2
8b1b5fcfc,1
01573c686,4
be467e42b,2
2a7b5edbf,4
a53cb0980,4
cdf03dc31,2
34ed5aa64,4
23f45d56f,4
fd3172797,3
b06d39b09,3
fc48054c2,3
1d9c36e47,4
53db5839b,1
9a6f2f7d3,1
6edf4f4fb,1
f98d0ea9b,2
02e51a9e2,3
9c443e54d,4
97db95d21,4
133cc5f19,3
d433a5827,1
01958f464,4
db33da35e,2
5d5e7a3a3,4
e911008b8,3
4be73c550,2
708ce5f42,4
442822be3,1
39fcd2ca4,1
2cb1d59ad,3
90365353e,1
c19e8ac4d,2
7a8fc4913,2
c0e37eccd,3
be0888771,4
da7c5b19f,4
35a135b13,1
a7f77b3bd,1
927ee6390,2
a0f88616c,2
f68c70fe1,2
d5bf5adaa,1
e6b28fc29,4
2689341e7,2
ddbb99929,1
0fae8116c,2
46df0393a,3
f819c7b65,4
ca457392b,1
30aa1059a,1
ae5059b40,3
c1f16a59a,4
7b75b46ea,1
f5fd255aa,4
39b3fe88f,3
60d72fc85,4
55e32b4b7,4
9907dde11,1
c37b2e740,2
09c629b05,2
99ba6513a,4
4cfd0fac0,4
77e679018,4
564356241,4
4bdc6f196,1
db6b79545,4
756308d39,1
81532c76f,4
7238228b5,4
4e00cd0ac,2
2fe763187,4
871a00e21,2
bc5dade47,2
c14b2f3da,4
7dfa1e78c,1
4dff83c9f,1
f231e1f78,2
463706ace,1
5250b8bc3,4
cbd5f7a45,3
9467b9867,4
235a61374,3
5c9d562ac,4
4892ceb8d,2
64dbb2214,1
598f49a8f,4
fc2ac0b04,2
af9325798,1
482fc8a70,2
c1ed602f2,4
b5010c15b,2
e58eb3249,4
a63f6c6a1,3
031a01c36,4
e04814e10,3
300337abe,2
e103f7612,1
70a33ed88,2
cca88204d,2
2a69070a9,2
585a705fc,4
6146d435c,1
ee9ba4990,1
0a536633a,1
ae7f59170,4
5417ca8e6,4
d41f2a466,3
006d301e9,2
245434d5d,3
36dd5c626,1
fe18635ce,4
fd8c80281,4
190eba3c6,1
c8779a4a1,2
c22078c20,3
191660250,2
40dfeeb65,4
4413f9855,2
6648175ff,4
80bbb481b,1
bfdff0622,3
72e24597c,4
4540f8e9c,2
f9b0d3370,1
dbe634a4c,1
9f3fe015b,4
167233db2,3
79c15bb50,4
ec780b913,2
c0ab24656,2
5b269c6aa,1
ae30afe08,3
094c2c3bf,3
2f50d46b2,2
1100bff90,1
3af14a63c,2
0f24b6cd6,1
d38fca349,2
10f4c8d8c,1
839d4d8cb,2
844dfd2b4,4
c47c94411,1
3a0e3b527,1
118c1147c,2
92189aa31,4
e3e2fcc71,1
3b95539f0,2
4f4f3cd98,4
d5ee02201,2
dcdefed1a,3
73dedcf29,4
0cde886ff,4
baf7a42fd,4
512bf1e8a,4
ebd78e1d4,4
7eff2bd81,1
22e1f3438,3
330f0e19a,2
9f341e7af,1
2d584af81,4
0b6457bf5,4
cfd819dd9,3
8d7a8a5c0,3
800a7c025,2
8364bf2eb,2
18a8b9b6e,1
700a93465,4
fbed8fc1a,1
f43a68579,4
d72bc7206,4
468ba458d,1
15f62e911,4
b16852e32,4
a0b92d7a2,3
aaad1ddb5,2
cf6000a98,4
5e08b9ce5,2
70943f766,4
d11425b98,2
e910d17de,4
220e9aa26,4
d8a48180b,2
da5d1c5ba,3
1a2f33fec,2
f0d5ff33a,1
d50a1665e,4
9f533475e,2
ee65ac339,1
d83f60849,4
a15d8c8a8,4
c6f877dda,4
e2f39a17e,2
5776e3791,2
2f8471836,4
5ced5d057,4
c43ecb3e1,1
60875e5f0,3
a31d4c0f0,4
51d815775,2
ea159d8da,4
d1fa13f8d,4
404eb3b06,1
ad4456e88,4
80f8877f8,2
7bfe2d68f,1
5c9d75ab9,4
0b59a57ff,1
5ad9215c4,4
58396d68b,4
fc46e61c5,4
b73cf161f,4
54959e674,2
4b9f45715,2
a3a0fa212,2
dc76d9fa5,4
90c5437de,2
8ef67ba31,1
fd015c129,4
eed4b685b,1
0f544b558,1
6e21edd32,4
bfb19deda,4
1d79d37b3,3
ca2c00404,2
81734dbc4,1
0a949618f,2
230f695a9,4
97e08141e,2
0fc2dc3cb,1
d59f3a6cc,2
a8249d599,4
cca4ba626,3
24fad6b0b,4
568a5ab51,4
6d994c50c,1
19cd32fd6,2
cad25c91b,2
f1da458ce,1
1ec7dc903,2
2ff35ef73,4
b13247816,4
33715275e,4
4657ae5ac,1
84e146ba6,3
be55e5ef8,4
366a4544f,4
104910cb4,1
c59d7c9f3,1
0850d4334,4
2d19917cb,3
366a03818,4
a92c2f233,2
5493d0771,1
b8daff578,3
6608d48b2,2
f45b98b4f,3
267bf57c8,2
506fa1d6e,4
85d242c14,1
9c80a9ed6,4
35a730b12,1
f212d0cdc,3
97cdcca1f,2
2b47d7f0d,2
df091dc6b,1
b01c8995e,4
31e9530cf,2
5507b63ab,1
16472756f,1
373b98352,4
1b154dffa,1
d061bc124,2
899859c9b,3
8ea9f1228,2
d09752d1d,2
e4d7e410b,1
0154e0f7b,2
6b7f2c603,1
335f2c11b,3
c6d378000,3
628fd5227,4
c54ab239f,3
7611934a0,2
25ef79825,1
acde4eb5b,2
c13da6b92,3
f0193b572,4
ee6e0abe4,1
efa71e34a,3
6846c8340,1
8564fa7be,2
4175a27e1,2
1a2816f0f,4
861c903b6,4
c0e61e2f0,1
3f10302c7,2
a9294a9ea,2
1b59f9f38,2
697c8c6c9,2
6ef7f0012,4
d5c68b3bf,2
d57b8c2fe,1
c0503dd75,4
326b17344,3
e9bb69a1e,2
62bf39bdf,2
2485efd0a,4
2b8008b16,2
c43be9e6c,4
48f5de7e9,1
a19707195,1
2a9223451,2
fd7f76b49,1
1c8b66066,4
5a17ff971,2
2cdc94986,2
64568c4a6,4
1eeb4ea81,4
fab063ed4,2
34d5748f7,2
bbe1d6739,2
b41d5c9c4,4
8c89e09ae,3
be917151a,1
1819e298c,1
c16f5a6df,2
78fd8ce0d,3
bcf657071,4
c1a9d98fb,3
7cc9b21fd,1
7ea900f4d,4
1ed0c2a41,3
a22cc0413,4
b6c93a605,4
27ab49f1a,3
c8b79357a,1
e6b64b212,1
719917454,1
d1b183683,4
cfd87918e,3
732b578ff,1
c63b71f0d,1
e932a94c6,4
b71eb2942,3
605f9cd41,2
636d6a0d9,2
b28de653f,4
a9e4d6df7,4
679e98b95,4
8ece5f3ba,1
fe83618e5,1
ee9c2fd46,1
3a8770d75,2
c8c3eb092,1
0f6b7b928,2
8526200d3,4
861af7cd5,1
5780fe74a,4
859426703,1
b857d5ac6,3
96a1bce27,3
12b1bce04,4
2e1de0bba,2
2034bc734,4
9fa760b69,4
21b90ff68,4
370d17232,1
c90558513,2
58bfbd845,3
cdd50f583,1
4e9358756,4
bc2fdee71,1
637e741e8,1
4d767b639,2
d14d62508,4
714b4fa64,2
460426eb4,2
098b6e1e6,4
0b74e375f,4
78c3c7f21,3
76d5726c4,4
a4dd57b11,1
23d3ea5b8,2
c92cdf20c,1
44d1246e0,2
35178a75a,2
2136a3c04,4
3cae1b9ae,4
3c2a1ed3b,1
eac15ca35,4
35f9132e5,3
9a1be07d5,4
d4bb8cf0a,4
c37cd2095,2
c296177eb,2
ef487165c,1
7ba9cb4a0,1
302eb3771,4
45d384cb1,2
32918fcdf,4
f03979157,2
610246129,4
1e39a9ea7,2
79a6cc443,2
2e77e1c78,4
685cbaf7f,2
5071e525c,4
a6e1f4504,1
da7680082,2
2e116036a,4
4bdbeb107,2
b5c41169c,2
a5f08e991,4
15a06cb97,3
457de178d,2
dd79180bc,1
75bfbc825,4
417c109aa,2
ff5e30380,1
ac498ad58,4
fc50c89d3,2
7b8ea11de,4
d92d4242a,4
9a2f44ddf,4
b77b75f2d,1
6f36088f5,4
f51f68a13,2
fd68d0b58,2
1f0721fa8,2
30f92e1ab,2
fb9ae7d12,3
1882ebd32,4
1246bed4f,4
4f1a882b3,2
2c9f807c1,4
d1f80f7d1,3
04bad9310,2
91697ee90,4
acfaf9210,1
16c53ebf9,1
a6423eca8,4
d38bcdf49,2
2391fcc9d,4
17fb33fc8,4
fc537bc7f,4
e50174698,2
5a4b6ea39,1
ec8c5413b,4
bde1336b6,3
64e5f3abe,4
746fb982c,4
b24ac527f,4
efbf1703a,1
2e417850b,2
73ae816ce,2
545711134,3
1d1c1d51d,4
b38dcdc90,2
4363acad4,4
ea383096f,4
aded1fafc,2
ee93b2d47,2
beb0f98f7,1
6ab29b3d4,3
c2b16f8ae,2
d08bc2c0a,3
50eddd1bb,4
f5ebfd099,2
1883fea05,4
902114441,4
d0eb1073d,4
9cac98ce6,2
792e8c192,1
ab48d21e0,3
de993a4c9,4
9427b3749,1
6029bf590,4
eb7f34ac5,2
50fe7d515,2
bb61d1c46,1
e468e8d54,4
622f08247,4
148686ce8,4
183160bf0,4
0ab4214b4,4
38063ee14,3
e493537b3,4
72f6dbb1d,2
451d64f26,3
806bcf604,3
6d95c8ec6,3
316f30229,4
a52461bfd,3
338bc4bcd,4
e63eea2f7,4
bbbeb3ab0,2
302d37427,3
a5746676d,4
5267f524a,2
955e7c5cf,4
55fcdea2f,2
eb5eb875a,2
df0a5e6c5,3
2ba708d92,4
881aefbb9,3
0dc32d6fd,4
8fd0d7864,2
d8715d47e,4
aa8e2a85d,2
944a5fec2,1
250f59089,2
112ae92e0,4
98c08df17,4
5b6add800,2
596c81470,4
0f9d7b0f9,4
0d55c2e2b,3
59e6d1d66,1
8e4f0e111,3
ec7952240,1
01e4020da,4
fb9474822,3
95b24de4a,1
762a1ef1a,2
2239dee36,1
b74c47541,3
a3a4e1dd7,2
0cd614218,2
bd006f963,4
09b5921e9,3
b10e7605a,1
34a6cc7b2,3
6fea8ac52,3
729042a8f,3
9d4cf29f6,2
5a567392e,3
82563b26e,1
72bb30805,2
d6b7b63de,1
e4da1c9e4,4
c226ecabd,4
a4fe492c2,1
4e01721aa,4
7efce4735,1
30764a1fa,4
6da091c79,2
e5aa922d9,4
86c08e68b,2
ee2def69f,2
d3c880313,4
da3702af2,3
dcefbb974,4
0a13e47c3,1
8de855263,1
d0a66003d,2
ab94fb958,4
234b2a6b6,4
14c6c68e2,3
5b64325b9,2
e925bdf02,2
7a58cfb6e,4
531f9b184,2
04ea19d2b,2
bab19cc57,2
65c1d2996,1
8988d22a5,4
2b46246db,4
0a4b42306,3
b6650d183,4
33a9dff78,1
838c5c399,4
7f5cb9583,1
d057b97bb,2
68731378e,4
b2566d195,2
1ba7bdbe6,3
429019089,4
71b8ca636,4
359dd0b52,2
e5e06c8dd,2
74e316be1,3
beb658bc0,4
6d172f3eb,2
27eedd440,4
faf64d6a6,4
ae3c2cb86,4
0a8ee7520,2
c7195edba,4
38436063c,2
8afcd7b7e,4
6f0cbc167,1
5b729ae6c,4
dce01bb7e,2
62955be50,2
b8db25430,4
2ce86e3a2,4
ee2c40165,4
0eb101936,2
fffd78a11,1
62887c0ea,3
d768c4324,2
c213bcac3,3
1b5e18242,2
d147c39fb,2
a54202bba,2
fe854f6a1,2
e31df86bc,2
5e696928a,4
e68c7d50b,2
06395bb8d,2
cabb4127e,2
65266fe36,4
011a11cda,1
1dd6be0bc,4
e21d09b79,4
9d8e820b0,3
95a89f5f2,3
24cc193f3,4
0e30e8240,4
251e884b7,1
ed5d95d72,2
be59708a0,1
7cd6556bc,4
6fbfd7f45,2
5c546c236,2
4c6048341,1
627726d36,3
43ea3193d,4
97b2b9935,1
c228bf013,1
cc195b43d,1
3c9dbc88e,4
332ae5ab2,4
8d0f8ad16,4
e8020cb33,4
d2fb45c15,2
02468e968,3
8f72b332c,2
7650ed0f0,2
6264e2ffa,3
874e2a3fd,3
8420d063a,2
cae004390,1
8ba0c6894,3
97b0b5d92,1
660742236,1
f071f1cb7,2
b4060a70e,2
93685a66f,4
c1577c976,3
3244cff21,4
2fa5bde3c,2
48cb3c66a,4
c1653516e,1
2dea0707b,4
4f45bb293,3
19272319c,2
392caeaed,4
9579ad7a1,4
f982548b8,4
e7c607873,4
2c21d7f68,1
22de1a590,2
550405709,1
e052a2a39,4
9c17624f8,4
6aa2cd8ea,4
90a967a14,4
152d25978,2
ae16e308d,2
800680beb,4
bea6f651c,4
f594a2e18,4
5c62b4a8e,2
eded59b25,4
35b51bb28,4
a6fd3df67,2
99f5b19b5,2
161de24f6,3
fd2f64ea7,4
f77452d59,2
f80bf9a51,1
68f3cfdcb,2
0497f7012,2
f14086e70,2
547a18b80,2
5da236a17,1
773d10217,2
7295b4948,2
4b5532afb,4
0902b6664,2
0f122f712,4
a9772bfa3,2
1dfcfe139,2
5fdd708f3,1
8ff2c63c4,4
460ac160c,2
7f7080e6b,2
4df43033d,4
73013560f,4
46f6472bb,4
4e76c15d3,1
ed5c2d9dd,4
8f47e7ad3,1
962f76f58,2
e375cb119,4
290cdc8ee,3
fa21ddfa3,3
b49012dd4,1
36632f72b,2
ec4351554,4
fa5957d1c,1
52db8f887,2
f2fba72d2,4
ca902248f,1
e276617a4,4
93c16b08b,4
75fc7829e,2
e4abb93bf,2
c44215cc8,1
a01ab5b30,4
c0858dfca,1
c042fa2d5,2
a43071ff0,2
88d5f9129,2
ef5b463d4,4
0cb450c62,1
47fd4a840,4
329814145,1
6dbc5c968,2
505c5d7c6,2
4d279eb58,4
677968b60,4
6f1580039,4
d41773368,1
9b95ec85b,2
e51470c34,1
cc6ce44c8,3
0e56a693b,1
10bbe5ea4,4
6db8c5110,4
8f9010452,2
5c150efc9,1
f037aaccb,2
c02be41e6,4
5f64ee888,1
67ba0fe06,4
74363ff2b,1
0392c0c81,2
a3853c992,1
8d51c3200,3
a9f6ed0cb,1
251b3b086,3
8c96f8ed3,1
8d2afd85f,4
38e7577af,1
fd2cc8576,2
8a72708bc,1
40bd89515,1
239047f66,4
5c4c1d10c,3
2ab616a68,2
1eb9e12e8,2
f729f19c5,4
146d950bc,4
55c563104,1
edb920079,4
07877aea7,4
e464fcd4b,4
25b827551,3
106128c56,3
0a9f9f178,3
dffa9e326,1
7a7277559,4
482d05dc8,1
2e829ee7c,1
717b573f8,1
a79fe858d,2
01f7fdb78,3
1a676ca88,1
322244807,3
dd5275a60,1
7ca780c35,1
8bda483ec,2
207298884,3
26a07719d,4
4cc70e613,3
be0e2dfbc,3
b26fcffaf,2
75a11e0f8,2
7930e4752,4
8b5a5458e,1
9f1ba804c,2
c457ca802,2
016dcf8d4,4
3d7d23a52,2
a9575b655,4
65d0ea00b,2
d8d840693,2
5b1528841,2
d4af5cffc,4
81d404558,4
a12222b9e,1
db095d92a,4
dfe83669d,4
1faffda03,3
8afeab374,1
e1af060fb,4
7da9d50b1,4
ad5692ee7,3
43ddb2eb4,4
6502dbe72,4
a854aca45,4
0c859ef92,1
12c071b30,3
b2b06e1fc,3
8a38740d1,2
20cb13be9,2
37965a7c3,4
ed9885dcd,2
053d121b8,2
79669f807,1
0afb7e845,2
1565d09ad,2
9a2b50582,4
f3ac0a96b,3
ebef2903c,1
769579681,1
c89dcf5ae,4
cbefe3979,3
a19eea86b,2
efc478e64,3
f0fde0412,2
96e1f20e7,2
37ed9080d,1
8dfb61116,4
656c5e0ff,4
d7d1cf92c,3
cccaecca8,1
53bb1d133,3
063d8c58b,4
b617ce1ce,4
dae92dd61,4
7d1d0d496,4
b985b4ff9,2
401553149,1
fcae5bea5,4
59e7b5f52,2
32287a62f,2
514db7301,1
bfdde77ff,2
1055034eb,1
079332bdc,4
1a4a2e683,3
92b89a666,2
8511f09c2,4
2cb770ad7,1
29b04f54d,2
4c4ba8c4e,1
6c71db5b5,4
73704a89b,1
16f74099a,4
b32aa8dec,4
e3fa5b2be,4
f9317ae6d,4
87aff0121,4
80723d694,3
25fc96414,3
d0bf2b3bf,1
9feae89ad,1
b40818da6,4
0d3081480,1
e6bc32c73,4
fad4fb461,2
6cfbd44df,2
5f0bfe5a9,3
aaa9c8e09,2
a73915bd2,2
007bc1db4,4
85d78c2c2,2
c9a00b80f,3
5353b2283,2
c737c30d7,4
6fecc5cf7,2
d8f3da4b6,4
ca7075738,2
f342f337e,2
084874570,4
1aef9fc86,3
078bf7e5a,3
98aec0679,2
6ade0f2fe,4
b8bc0c25c,4
6cfd5f1b5,4
8528b3d49,4
156c2d6ba,4
66b206dbe,2
6666265da,3
060e4ed30,4
ddafef3c4,3
5ab429fcb,2
31c12668d,3
63057be1d,2
e7f5a8bd0,1
fc93d7cc9,4
d243fce57,3
92dcf8a4d,1
e0e241d57,2
4bcc7910d,4
8a9d11c50,2
7a0746a1f,3
c958b75b3,2
c7cb34ee2,2
cb295209a,2
5242038c7,3
9185b2ed3,1
df17a57ae,3
c3cef1c4b,2
d30068375,2
8fa705c07,1
75758ad3f,1
8111713a2,2
813bfdc93,1
19fe29040,4
32168f6f5,1
66cff2ed9,1
132670005,2
848b83b62,1
b4226db5f,1
cf77fed94,1
6f7d23e2d,4
15f89f939,1
c9d8b22d0,2
d4beefae9,4
d270b074e,3
e985acab0,2
d5b6f17f5,3
e128e9022,3
d8af1e7a3,2
7b974ca01,2
3ee05e0d5,4
8cee52ff2,4
988f48ca6,1
570fdcc4d,4
bb928145e,4
012a1a396,3
1ffb40e20,2
a249a34f9,2
b077aa9ee,4
6f43738b5,1
9882871d9,1
0e6492f0d,2
8d08f7b70,2
f3367a65d,2
7e9308e0e,2
2ca3f6d92,2
3b92f9684,1
0f3fd67e2,1
7beccedcb,2
44c117982,1
c06d167ca,1
18c3b1a1a,2
5f5bd40ca,2
5cfd4e3bb,4
108da3f0d,2
2c24655fe,2
3060d192f,4
f6b229568,4
360dcecb1,1
a6fe8b174,2
d0f8b280d,2
29eda0717,1
9c7917558,1
7bda94ad0,4
7e3f52620,1
9ede28a9d,4
d973f1d5c,3
fe0e76ddf,2
ec7eecc57,2
92d1612f0,4
1e750bb89,2
dde4e26d1,2
85094deda,4
191043d9c,4
9493ee8ee,4
8300e943e,4
88e2d97b2,2
e0ee00f9a,4
f3c7e1bf4,1
8071fcc9c,4
e825b8b9f,4
d8727d356,4
ff873a820,1
9eb98f34c,3
523912c83,4
0e9a2fed4,4
57184a406,2
7adc5209e,2
7b67f6ed6,2
e748f52b7,2
66faa15c8,2
75310196e,1
14bff008a,2
416d8761e,2
b9da26f0f,4
0f258665b,4
bdc94bd91,3
eea123bb1,1
9f104904f,4
0ac2e7d16,2
18a87116d,3
6ae5689d3,2
f2be40d43,4
4771e1226,4
ce26d6864,2
8132fabfd,3
664d0bed8,2
de2460808,3
f51e72db2,1
63ea7cfeb,3
b84319e15,1
282f456cb,3
69ae5dba1,3
a22ddc666,2
aac1167f3,1
523aeba08,1
0e6523901,2
cc38b3b63,3
2ea25b63b,4
ba392c802,2
b70d0abec,2
4e4ceb08b,2
050afc987,4
d1338d152,4
311ad9ac5,2
a5965cea5,2
ba654b229,3
73c2c22ca,4
d042e55ce,4
3ce3f6acc,2
437b01de4,3
8f47129b2,1
b4f22a5ba,2
0806f9e3f,4
41bbdb352,1
b8d35b6c3,4
e89119f29,2
0955b54fd,3
9aa9d63f8,1
df59dd59f,2
39adf62b4,3
dff412d60,4
150bf58e2,2
f410b0841,4
0327b8e94,4
6102346ee,3
7caa6d216,2
9466aa6bc,4
230d5d85c,4
b2b5ee33a,4
fb9b44c0c,4
dfa39b9f1,2
699a81c51,1
10e27da02,1
5742d498f,4
2de32b48a,4
4450245b0,4
34b96cf6a,1
eb1f799df,2
15e5b0e7d,4
692bde33a,2
e639b8dcc,4
5c2fdb3cd,2
cdb4a7a7d,4
2c281057a,1
fd8bb16c6,3
c4d225c88,1
b4aa0c3ce,3
1d777bbcd,3
721017d68,1
8a6f301fa,2
d672df50c,2
60786724b,4
434a2904c,2
220d4394a,2
27b1bdd40,4
27456ec0f,2
041dd606f,2
bf458a7d4,4
17bdf954a,4
cfb8b6b93,2
71cb2e2d0,2
b0b33bec3,2
9883a048e,2
91306f563,4
12ceeda09,2
5ada2f8b6,1
f8e1ea097,4
377d9bef6,4
c234e165f,2
d4f31b018,4
bfe061b7e,2
a99a82e6d,4
c29059110,2
cd4624a1a,2
6668ff629,1
f9d566df8,1
fa53dd6cd,4
e74dd0579,2
8bd82188f,1
ef1966105,1
322b32801,4
7d1ff4264,4
a428c4daf,4
b7142b615,1
99ba1c605,2
743b67b44,3
804c6c78d,4
b7e7c5c9b,2
a73b9eafd,3
1cc20af0a,4
2f60db1f7,2
bb4c6519d,2
8f6a4a76a,2
01919fe72,1
0e47fe631,2
97ce22dae,2
10d83c05d,4
2f0805ceb,4
2d2f6b042,4
c69af3423,4
86c1be8f0,4
3712c63fd,4
11e6c4d80,4
31a2e04d7,1
2b4017cf2,4
b48d47214,4
69d8727b7,1
28f1efe3c,4
23829dc63,2
0c4c55b39,1
a1fc6f0bb,1
6309f250d,4
adfa73768,4
92a667671,1
85332d295,1
1d5a59ca9,3
dd8e62b81,4
120ae4dd3,3
301e16ab9,4
d0d9596e3,2
170fa3d49,4
6ac38f654,1
ffb6a7f5d,2
e73b8f98b,2
310045474,3
a144cca8c,2
8189ff9ac,4
8ff3ff516,4
64c6eb71c,2
840c965cb,1
3cdaf32d2,4
a5f027ab8,1
5fe32151b,4
72d753384,1
6e31c1647,2
4f7aa1d3c,4
24abd7725,4
7cbad35f9,3
fea8ba32e,4
ec9da833d,2
8b56fecb8,4
c79019195,3
3a016a6a0,4
810ff9d37,1
f74b89005,2
181fb7dae,1
687ddcca9,4
9d9d9f2cf,1
b9f58834b,4
9a447e958,4
8849d3fe9,1
e758e4c0c,3
9295d02bd,2
94563fe71,2
169e5aef1,4
fe879c04e,4
4595acb4d,2
348a982e2,4
89bc4559f,1
3f7b002f4,1
a07440416,4
982564925,2
ce50f376f,2
e8c9545c7,4
4fe9ef7ce,4
07b6336e5,1
4b0662306,4
2e1d3ae52,1
d49ea4e84,4
3cbe65e9a,4
d54759a77,4
245b99f60,1
cb860243c,4
d168549f2,4
3227c4f2e,1
eb5dc081c,1
a37a24a58,1
248eca1fa,4
c0b704c99,1
06b533b04,3
484af2d62,4
a2ec6f8a8,4
36681852f,1
518f86025,2
8fe2cf87b,1
2e989d559,4
fdfa41872,2
6bbcc7ea5,1
a3cc5de2b,4
c67aca639,4
870e7158b,2
f069c7c28,1
cfc3e65de,3
2e73c3dc3,4
1cbaa3e59,4
e6335f2ee,3
963520a2c,1
b49312951,2
8e8080bbe,4
a88845c74,2
cf162bb42,1
2d6e2292d,2
68838474a,2
1528d2a61,3
4d649e887,3
c70ffd9c5,4
5bbc1017c,3
5ebc60bb5,3
aa40c19c2,2
4ccb3f896,2
89d4cef63,4
6b65fa006,2
c120a6f75,1
ada44e887,3
5e5038eb5,3
878214747,4
e6335223e,1
2b8f1e583,3
a58d8080b,2
53b442005,1
da8cfd914,4
ba13c272f,3
dcd8e75d3,2
e80389ea3,1
3ad53090d,4
81ecf4cda,4
402e83205,3
fa39dd076,4
a8518bd6b,2
18c7d13d3,2
3aa058da5,1
7e0f474bc,1
67825bf81,1
28e86bb13,2
105fd5ad7,4
a1390d450,2
84c1afe03,4
10eaafcd9,4
9e2a19b16,4
058f21441,4
da353217d,2
f7f769c37,4
7b22d0224,4
ed1f38a40,4
460edc419,4
4909dc5af,1
ae6a2116c,2
31da37bc0,3
baf60f1bb,4
6cfba936a,2
8e92ebde6,2
ff0b61121,4
68d7d01d0,3
4a609b82b,3
10eea956d,1
dae13a47e,1
dd62a2e7f,1
8e2335bf5,2
1c69743d6,1
09f75d8e1,1
a5a71bc27,4
081301773,3
58805776d,1
03a3fb084,4
c0645d6c9,2
605d07d33,4
a2c9be724,3
b8084fe32,4
056bf1b17,1
3f3e1f288,3
f8710e158,3
a7a94dd33,2
b3bd4c99e,1
10337747f,1
5842f1ff5,1
e30bac76c,1
fa6c44396,2
a4550efe5,1
c71d630d8,1
ca46b14de,2
2fb22dd88,2
c335ad2df,4
5bd725e47,3
20ba919c6,1
dcf366e02,4
aca81d4a7,2
3091d24f7,2
03188ecad,4
d16562746,1
b2101b975,4
ca74b17a9,4
a36b60379,2
8fcdf3368,3
0a0ec4977,4
bc4f18ced,4
a83d95ead,2
4f7a70728,2
9403ac24d,4
7fec0008f,2
01a07b591,4
e2205b952,3
b5b9f6e99,1
a5b9343c3,3
22145fe75,4
80aca536a,4
a226d8246,4
276ce7f3a,1
810805880,1
af7125abe,4
7811bdd84,4
d7976886b,1
b1e8c0afc,1
4605a3467,1
8b0ea16a5,1
c0545b660,1
00f997463,4
fcfae453e,3
81015c1aa,2
873996ad0,4
d65b5a052,2
0d1067e63,1
c93e86f5d,4
8bc346340,4
d4427513d,4
1c9e913d7,1
64c2d93c9,2
cb0309848,3
deda21b9a,2
fb999f812,1
ffaa73202,4
5a5ec1a49,2
e66d0c392,4
ece3629b4,3
30ea81bac,1
c9364a529,2
04af86059,4
49f06aa59,4
ed30f663e,1
1c74d62ed,4
d92c326f8,2
7b4ff27b3,4
dbf8ba091,2
29aa0b74b,4
cecb3b8ef,2
37884b086,3
b2dbd92b1,4
f1afd4033,1
c2386bba2,3
c12883eaa,3
56583003c,1
67d0b57eb,2
8ad937f6c,1
3d6f14681,2
3f42bd15e,4
64f06dc3b,1
e402f3b2f,4
487bbfb6d,1
5d3d1070a,4
ad90d4962,4
51e25fe8b,3
a27b7e4b1,2
0a84451ae,3
dee6cea2a,1
1539be087,4
ca7c6095a,2
25ffa1850,1
4a1274da0,2
36c4871dc,4
11c222a3c,2
7bb136045,1
30319970f,4
c7575df7b,2
d2fa7a847,1
f3b52a69c,4
bdff3528c,4
f2a6e7dac,4
a8cfb849e,2
155e1f0ca,2
d9c54752f,4
b04b200fa,1
2cc0c6dee,2
541904323,4
07227963b,2
b054e635f,4
b279ec774,2
ae089cd20,2
43ff07bab,4
29bf0cb2c,4
bbf029a0a,2
6e4724604,4
bed5b657b,2
2aac4b61a,4
2fcbb6376,4
b0c918c91,4
a9bc357f0,4
7b052d37d,3
be6435852,4
fb8efea32,1
742dcad55,2
02a2a622c,1
1c3793826,3
85ef0faa4,2
d1a577692,4
d07d9ab13,2
c001a0b58,1
000fb9572,2
559e15485,1
728a08a8b,4
55247ed35,2
0753ad1cd,3
8ee223a17,1
6c4af5f08,2
af49cf598,2
4a93b3e4e,1
13a1e27a5,2
b9dd5cfcf,2
8489f930c,3
1ca147dd8,4
f7eb5dd36,1
55f8f6120,2
485772d7e,2
24731a12c,4
ca35f4b19,2
f53be74bd,3
c93c0faa3,1
7998c5869,2
cc628c147,4
3485ea1db,1
151481179,2
a8f735068,4
b5f846518,1
46c44f7bc,4
e0ad66343,4
bef935312,3
4525391a7,4
d2dbc61fd,2
5c89ffa58,1
1cce33a82,2
c05b74b05,4
350a14e36,3
22a91e143,4
716167b76,3
f904be121,1
0fe10670c,1
c5aeec694,2
94b587221,2
059d8d91f,1
5ad497d30,1
c2f8022f3,1
89f229ee8,4
e0a797901,4
73ab55e8c,4
b504fc3b5,2
b9590d4de,4
2619f003d,4
00a1f270a,4
121abd2ba,3
3b4ac67f0,3
e1cd176b5,4
a41b62aa8,1
ba42b457d,4
47ad7a82a,3
923da13c4,2
d2b949618,1
8fee07184,2
92e74870e,4
d1bfba974,3
fc1ac0d75,4
8a17130c3,2
8fa1c5c38,4
08e703dfc,1
c135c6b15,4
d0bc14f47,4
87bdcbcdd,3
ffef9a2af,2
596d623f9,1
2e55bed12,2
41c61ed91,3
f61c4cead,1
57189db08,4
0ea337520,4
0a30968a3,2
da80c8aa2,4
05312ba72,4
b412a3f6a,3
6d154eccb,1
c69842c2a,1
71e5aca0a,4
0d7c5b6f6,2
0e4ef28c9,4
2d72ef0c4,4
83b2d9103,4
f54bef6d6,2
89bcd0921,1
27c4981c9,1
02a084920,3
e13488562,1
cef75bfab,2
326c9c979,4
0e52438a0,4
902a255d2,2
941eb9304,2
67af2d880,4
452a50855,1
7f5233804,1
9999c355f,2
e2f1f5377,4
8010a808c,4
0fb490c9b,1
888a7fc17,4
e40073625,2
c14a3ac57,3
71d36d5c4,3
870ff72ec,2
88a264f0d,3
f0ebfa37d,2
66bd449fc,1
618e97eeb,1
7b84a3913,4
390e0a648,4
fecec878e,4
62b8390e7,4
5597af31b,4
f54d6a569,2
b0a8a88a0,4
9568aa267,1
42103b22e,2
f5d60ca48,4
3d9346cfb,4
6d6318af8,2
767907867,4
042dfb970,2
e5d43f373,4
0a0e8c15b,2
522d0728c,4
9166a802a,1
fb278c21e,4
9dca27ec4,1
218f8bb3a,3
83f13202e,3
be4275440,1
549c35706,2
07638746f,3
66fcb54d7,1
37f127385,2
07cf7d230,1
032aefa61,2
cca1ec6df,4
b84dad49f,4
35bbb3a85,1
869a1634e,3
56d6e2c8b,4
ae0bc846b,3
863262193,2
39944ac3f,3
5ead05034,4
2b3387bd7,2
0737e4f11,4
693a90fda,2
4079020a6,4
bfdd20655,2
1b5dbc3cf,2
8ba1009c6,2
611045510,2
18734d13e,1
cde0d8e8e,2
c49629a90,3
4c2f127c7,3
276f26435,3
03f0fc32f,3
dea01911c,4
88b4f478e,2
8c75e5189,2
c9cab5e67,2
4463deb9a,2
04c4a7493,1
611c6421b,2
1fd342e17,2
f3629735d,3
79b439763,1
18ee92cdf,3
2eaab0cb1,2
0d508e63a,4
63a542d16,2
fb9d3b9ef,2
d8179f4d9,4
6c9382d17,2
bed78eb25,2
35bb8ee8f,4
aa0d42c80,1
e58225b2e,2
0faf7f0ae,4
a2a04b6e4,4
7f094e80c,1
af2f3a166,1
3bc3e9db2,4
7fea70079,1
9ef928aa7,3
029c248a5,2
b8d96cdd0,1
071753413,4
1117a135d,2
dd36ab692,4
cc22a5abf,2
45fd43894,4
6cf058ab3,1
f376f922e,4
4bb09fefb,4
752b2d9c5,2
0b24f7e7f,4
a9085cdde,4
406f92f52,1
77d7f8364,4
a3e7124c8,4
7f78266ab,2
0f1d071a8,2
0c6c71a55,3
9316ce78a,3
35a6a9ef4,4
c3b89c2e8,4
d97d4b420,1
837574272,1
b4835265a,2
6c17339fe,4
8c1fd43ef,2
c0488da92,4
a96856173,4
2c1340a91,2
44bba906d,4
cd47ddc13,1
113bc00e8,2
6471c7195,4
8a6ba0a40,1
c82b8b2c4,4
bbfc5274f,2
3480a9d2e,2
6c3d7237b,4
a062234cb,4
d4ec04b8e,4
f9f0a5dfb,2
b5486d844,2
373880ef5,2
53cab4731,1
afb230f5a,2
196f95fdb,2
7a3471df7,4
11948e0ef,4
45d12329c,4
4914da5ec,3
9ab460730,4
b714e611f,1
15b5da7f8,4
771156bfd,3
1d1f2ed1b,3
815f4cc08,3
a81084ff0,3
0d34bfde7,2
b072dab16,4
bd54c995a,3
3890935ed,3
79bf5eb37,2
3ac6d621b,2
bb74a9d58,1
c947d8169,3
7aa0bcef5,2
43021e4ed,2
816112569,4
45408f88d,2
19dcd4753,2
69975d223,4
f0e24b0aa,4
96607bca0,3
8c2f67527,4
10554e146,2
5a12ecdfc,2
c6d91de2b,2
e246ecfdc,4
91fca388a,4
a89fd1f1e,2
a111adc75,1
a5d1a1271,2
fbb112b7e,3
27ef6e605,4
d8fceeb86,4
61003963a,4
1195168b6,1
19904f24d,3
8e6e9b877,4
0aba238d7,1
a6783a1c6,2
0173c456c,1
d24c7ab5b,2
661bcb904,4
97cd20357,3
0b3763054,3
7d6847fba,1
f102632f6,3
4072b0841,2
df874dd59,4
ecbd85af1,3
31e14c50a,2
51226d067,2
d51de36a1,2
121af879a,2
393e0c8a5,1
6521d5af1,3
5b4caee59,2
35cf91e6e,3
ac59f3533,3
2a52daa7e,1
ed5631a9c,2
f29aeba4e,4
105c00abe,2
a8c19a325,2
1aa527f5a,2
f7be274e0,4
4f5205d2b,4
ef836c3d3,2
7f5e7cf4a,4
4f678d1cf,2
21415ffb9,2
eb1286b1c,1
437b06047,4
a2dc697f6,3
fa73b1181,3
edba94b45,3
af39d67a5,1
5181f9924,4
1ba488d80,1
fadae6510,4
43b99bc40,1
63cc8aa47,3
1082982dc,4
22f6c0ac6,2
3b8b38508,1
05febeea3,4
13b807376,4
a906ff5f5,4
15e5b6d26,3
03a694927,4
742462799,3
4a66f74ff,1
83b705aaa,1
6097a5c1d,2
51c72aa92,2
8d6f10684,3
a839e26eb,4
09e39377f,2
f8a1d0a54,1
f67d78df8,1
40fdde0aa,3
f9e4762d2,1
09417404f,1
e02dbb6d5,4
4c594983d,4
691a8b7ea,2
91efb738a,4
7e3c6f81d,3
81670cf7e,1
22a7a8a13,4
5c94ecc07,2
0f311b358,4
4dc593f4e,2
ec53a8725,2
8b03c494a,3
ea319fdec,1
87f206cea,1
f220ae6cd,1
003dd2e26,2
6eb34434d,4
cba8264f9,4
c83fe0079,2
a7f58a6e4,1
38733d0a1,4
f0057428e,1
9c26f0fed,1
98782b403,4
2b1f83255,4
036c684d3,4
12ccd5019,2
991eba9f9,4
66832a1e1,4
6316b9647,2
34d0c00d6,4
de591574b,3
c15b3c9f1,2
afe326f34,4
cdd2cac09,1
5ecdd04af,2
06296e4e2,2
454607f26,2
78551abb5,2
f4813ff89,4
b799d4d84,2
dcd93c794,3
3e5627478,2
f6beefaeb,1
bc7eb8b16,2
603fa62e1,2
a62fcea51,4
a366ce2a5,4
a9f395ba8,1
a71f9ca6b,2
caa616482,2
695925a2a,2
ab4a00203,2
f4fb11803,4
753654b70,2
355756bdc,3
09c00211e,4
caf3220f8,4
fef6df98c,1
6bd1fee01,4
b024a4ef4,4
d9a014dbb,3
3779a7d91,2
27177be26,4
ab083aa2a,2
d1a9104a1,1
3de6bc035,1
50262523c,4
c787ee619,2
5e4c387b2,2
f4a508263,4
4c631dbf7,1
65c2785b3,2
3c2324232,2
2cdb96709,4
ff50c6171,4
c7e3c3270,1
3f5ec6144,4
7fab3c124,4
7dd780fe8,3
0a1b57b57,4
8e3b1dcd1,4
22bc76cf6,2
24e22fd2e,1
ebff4722c,1
219a1308d,4
009239f92,1
d7cc44152,2
d7331834d,2
0637293ec,1
a6992bbc5,4
f4212d640,2
7d9d04836,4
5fc6599fc,2
021c24928,2
1d46f1061,1
1fe400328,4
fc96276a7,1
4b1f93aac,1
6c909e8d0,1
22937e80e,4
7a6bc9e55,2
f29dc8be2,4
603dbe569,1
7d25ac957,4
24336f580,2
aa7548beb,2
52d65015d,2
8ff0818d5,2
ea7fc7f4f,1
f6e07783c,2
0fa25b7e5,4
bcda757a8,4
2e65d72c2,2
0ece28cf0,1
125522846,2
c5c51218f,3
f662bdf71,3
cd37edf46,1
0306e85dd,4
f45176c4c,4
6e643eba1,1
d0866146d,4
c9a4f831b,3
48dd9f35f,1
db4a0242a,4
e9e263ee2,4
a6eb71dc0,2
a72ca4ed6,4
4501e7e4f,2
5b480d559,1
ffb33c204,2
eb42f77fd,4
3ebe9f7af,4
e6ff21b7e,2
b9429dc85,2
385b5b8fc,2
50339ca55,2
9d466bbca,3
7b7b7b71e,1
7a9ca7419,1
b28bc9e65,2
b75c41dd5,1
9945962c3,4
4bef58278,2
3daf36ca1,2
745fd19b8,4
a31d58f0a,2
1c7a27088,4
595b8d58f,1
1d4940497,2
ca587cb42,2
607744326,4
af4483325,1
7a25c5a12,1
88fa13291,4
e42a8863f,2
d7185ffc1,4
9ce816de6,4
169184766,4
8f214e361,1
0f1a3ce5a,3
5f8d00436,4
cf51903db,4
ddb881657,4
7c82670f8,4
74f15e0fd,4
b3a19b9dd,4
a0c1384d1,3
5287fead8,4
4785a8894,4
2b4c0f3b6,4
6a6756c71,4
ec496eb44,4
48594b089,1
3cc6c4102,3
f8e0a06ca,4
9a0db11a9,3
f45851036,4
28f9f4ec4,1
7b858c084,4
c04cf0018,4
624b5493f,2
d5e351a09,2
0c71184d5,4
c64b6e891,4
efda64fa5,3
21a7f4896,3
206c304d1,4
9c43d4567,2
df4d893b9,4
9415bc79e,2
069fc79d6,2
9160fdb5f,4
f5e329595,2
b7910b841,2
3f2785c07,4
1aa8ed8dc,3
1c60a65e8,3
bbcaecdd4,2
bc7b17cd5,3
73066f6ff,4
ef70f3263,4
a67c850b3,3
53b89efb9,4
ccbaa4592,1
0b01864e2,1
4792b6d06,1
8dde63c12,1
47da8bc00,4
0ea7eaf00,2
37d88b689,3
5aeba94a3,4
1d4d75d35,1
d3e488484,2
5bd0c6dc7,2
8106b5f6f,4
1bf1f95ef,4
429df135c,2
0c3f6001a,2
6c3222742,3
d596aea32,4
ebe1f2665,4
642ed14e6,1
67d786538,2
bded2690b,3
2cb3529bc,1
fffd9b5a8,4
d755e40d7,4
9e399c659,1
d2ac2859f,4
bd70d885d,4
0b0d903f4,2
8507df043,4
75f3f26cd,4
4ea7c5d48,4
488cefe35,2
abfad94f2,4
435f8cb3d,4
bf2b57c9d,1
869c8208d,1
23b3f793e,4
9e876d171,3
93e058345,2
081c0a12d,3
58b069530,2
64e7edd37,2
3faf2b4d4,4
e9a379c0e,4
b912b1114,1
f3152276a,4
f6d2c9972,2
0164a9cfb,4
62f87187d,1
a04c35bc6,4
dd8f63c0b,2
5c039d8c1,2
81d38d5ec,4
45d814813,4
e24b153bb,1
f0885aa00,1
b51d75d61,2
cfd57abde,1
0d6b42991,3
7433339b9,4
18427ab22,4
4450385b4,1
ceee65059,4
90204109f,3
3d9bb7253,4
86c35033b,3
4d163b731,1
e9e06e3f6,1
96ba0193d,1
5eaee2353,2
a561b2487,2
1f393155e,2
0819ac2f6,2
36e7f8d83,2
ecc626163,4
65daac431,2
6c324e80a,3
0c5d5968b,2
b88fa24c2,3
b0c159af4,1
a2b42f2e5,3
e3e70d2b0,1
6f665c704,3
7c17de5f6,3
84b36d951,4
b3fc0b07a,4
5cc86be4e,2
915f0b42a,4
67be298a7,4
3d0a4c45a,2
1fe561ed9,1
e0f3c756a,4
05974bc36,2
795a443ea,1
09898b12e,2
bd7b805ba,3
2910b5c7e,4
227b372a2,2
2256216b1,4
42d2aa0bf,2
a4c903a3d,4
9180e09cb,3
812240d28,2
0b501f1d8,2
f1953d1cd,4
2a9be9456,1
e3ae90795,3
002278114,2
0291e8ca0,2
0510d2767,1
7b8924342,4
49c216bf8,4
95e9ad1b2,4
9c714104f,3
9ab8dddba,3
c9e2b26c4,4
4982cc983,1
eba773cbe,2
172433b2f,2
ec7383d83,1
842b21328,4
c12ee8ef0,2
3a8f24615,1
96ad2141c,2
a6ac8884b,3
066521b34,3
a1d8d917c,4
bd05c2f75,4
81896d22b,4
2e3c988cd,2
79ac40056,4
f726dd490,4
40f1ee340,2
24d9b76ae,4
076d6f830,2
0edacb2ed,4
f90722a00,1
7131cab79,2
b7d23de06,2
5ccf203a3,1
d9b63ae80,4
01ac09f2a,2
40de6ecb5,2
b6004bb5d,1
d2fae31e8,4
69ba6c8d8,1
d734c881a,2
17e6747da,4
5c1f1a317,4
533f52fff,2
6704c5fd7,4
c2016fa08,4
02d644003,1
5147c0162,4
97b9d93d4,2
9102809eb,2
e282d2bdf,2
fefb3826e,2
a2ee6f2da,1
17d9c9586,4
9ecb47019,2
5dace0494,2
85ec1aac0,2
a63c59c80,2
248590a63,1
f8b702182,4
fcdfc6cdd,4
f5d514b10,1
918fab9e8,1
9dd9f107d,1
4dd8dd451,1
421ea515e,4
24787403d,1
3813bc7c5,4
7ec0fc838,4
521320b95,2
9f07e684f,2
06c724ada,4
5d53d4bfb,4
eb4eef57a,2
0b15f3794,2
ba7ae0448,2
cc8bf5e79,2
89f389a59,1
b1f31ab87,3
4a5a02164,4
ab2e61df2,1
547f46854,1
39fb68722,2
9c583aec6,1
225d332dc,4
afc71f432,4
fb9fae270,3
5bda8f113,3
59047a5a1,4
092b4242a,1
be5595abb,3
798f4a1e4,4
1f72d4b56,1
67967b0b0,3
f5e706014,2
0d4c495dd,3
7759517e2,4
b3a6f353d,4
4b31d7b1e,2
01a7b719c,1
ff498c903,3
8867faa98,4
1ba11aaaa,2
548093fa9,4
b58cef42d,1
530c897a2,4
4d0aa6427,2
bd881326e,3
e5ffc0a9d,4
e3c2316ef,2
8aef3b898,2
b78b30c18,4
cccbf8c47,4
1df948d0e,4
970910885,4
3a1f2a306,4
41c83dda8,2
bddd63050,3
18ef93321,2
acdf99f98,4
d3a92c453,1
8390dbef8,4
0c0508818,4
48dd04601,3
ed9948860,4
ce971a506,3
8f26b1b5c,3
5330c4588,1
52ed9719f,2
474e70ba1,2
a66c7ec50,2
77653ab79,1
94918fff6,3
097dd9931,2
2c07c1abf,1
9e058e06f,2
c8519aacb,2
26428557f,2
63d254530,3
8143d5d0c,4
14410015e,1
996b92780,2
c001473a1,2
7d1030b42,4
546957a8b,2
7e8101664,4
25e0e0edf,4
92ee6241d,1
4df3f4bc3,4
a2ae5fa7d,3
ca28c5e51,2
a462b563c,2
d3ff1ea74,1
1a0499255,4
eb3d2466f,4
ae4ebeb3e,2
34dc86aae,4
dc3066d92,1
704737525,1
e7cecd5d2,4
fa97a865d,2
8019d0c63,4
ffd697903,3
02d9e61ca,2
1ccd49ce2,3
221331819,3
eab8c8c03,4
3280fa256,2
f4ab04385,4
bba70dd12,3
ed7754046,1
305524cba,4
32efae9d5,3
ad5118660,4
945a6fa56,4
351586450,1
11cc5a797,1
45858d482,4
ed10d7ee5,2
796cc971d,4
745facb3c,4
9699a3d34,2
9dca0bf20,2
b39ead375,4
de08c8d31,1
1ef5b1310,4
a566e5a44,4
29ac4357e,2
78b51f6a0,3
ec7517f68,4
b898e8d6c,4
2857efde3,1
435f419f9,2
052b0ada8,4
3679001f5,4
972fba985,4
7af09e92f,2
35df10380,4
13e385580,4
c6cdbebfa,2
bebab9790,1
75f574b0a,2
4a1702099,4
348665874,4
61ac348d1,2
93b692cd7,2
9bfb6a77f,2
ca76729c9,3
d09a7dda3,1
911464bd8,2
fd9489e42,4
f94ea9d92,2
546aef659,3
881a77dfb,4
6a72cfda7,1
fc9b4b692,4
7b60f948e,2
a8057f0a8,4
257a99aa2,4
63647ce22,4
3afb76273,2
49c8a0216,2
99c110585,3
7f08520d7,3
f891608d9,4
a6416e28a,2
de993d8ad,4
eff6d721e,2
672cc8af8,1
597ff6946,4
6b820b13d,2
f6c14900d,3
5925cf3fa,4
40276ec6a,1
072ae6d9e,4
6ea2ddaf2,1
d6691251b,1
843d24f0a,2
8a04b2403,3
aea876483,1
05935bf08,2
520dc7925,1
15600cfea,3
c251767cf,1
17fdf5bfc,3
7ddc32b12,3
33a8b9601,4
076e5c59d,4
dc7a53ba0,4
881580d4b,2
896bb46bd,3
e29fd3f0a,4
1fb9fdf7f,3
d7dd2c184,1
07128a0d8,2
2831adaff,3
d36f47834,2
a85630773,2
0f6488260,1
1ce681aa7,1
518e71b74,3
d9b4b1930,2
5a3599411,4
e89692f96,3
854b2bc3b,2
58695e2f5,3
2885ade43,1
d11ac47cb,1
13bbf723c,2
056bb97e4,1
2cf6b6627,4
6984c8d7e,3
175c5bce0,1
824db46ba,1
956548cd3,4
a7cd5b749,2
b414c5dd9,1
c278935de,2
5e5b9483c,3
5b928c0a6,4
597c27524,2
640e18ef0,4
180b3f500,3
1a018ef15,2
f9159b6df,4
a6fc65f2d,4
0633474d9,2
34f6111bf,4
fc580a6eb,2
3b1009a30,1
47a142b50,3
311ee8343,2
e1d1b893a,2
2fdc23bcb,2
680e24130,4
865ee6652,3
1e51ad3d5,4
5b4a22c83,3
443005b65,3
dfedc8f77,1
4ceff3a2e,2
3aa622eed,4
119835ef9,4
6d1e4b433,3
9a21528ec,1
172555cfd,4
3d3006ccc,4
e436c1fad,1
1b6f92bc2,2
f5bcc82f8,1
792b0924e,4
110d4487e,4
b24b7d23e,4
4033fee1a,3
c720ee024,2
2f7fd8400,4
fe481f81c,4
9ca5f1891,4
b4fafe948,3
1efbef49e,1
8b9d9a18b,1
0e23c4abd,3
768fb166d,2
3a9efa973,2
d78d1dec0,2
e97446c37,2
6c4520bd5,4
bc1319810,4
2d70f6a57,1
89a5e9a9d,2
62da2d031,4
e1f0c1add,4
843910e74,4
98780fbb6,2
c7d02bfca,4
502d58dea,3
2e4c1faf7,1
b7135cf44,1
d2330704c,4
4cef5b961,4
5fc06cf73,2
2d3d873be,4
30507c621,3
98caf2809,2
f6549ffdd,4
a8df693c0,1
1adb69797,3
6be0a8fcd,4
f5fda5ac5,2
dc88ebe46,1
b991a694f,1
37c68c4a3,2
e9e4424a6,2
448659511,3
6842b7ff9,3
8f45b9967,4
e0e604fc2,2
4bff1ab0b,2
daa7f33d4,3
ba8ead296,4
d55faa0ff,1
80ebea85c,4
17ac391be,4
3ce528284,1
8a2faaf1f,1
6dc193313,1
931a50b80,1
4040a04bb,3
059cfed40,2
b80a19455,3
942b2ba7d,4
026c5716f,2
7f6cdf26b,4
29f2fd4c6,4
4d20f6163,4
acc81bdf5,2
c44a94d4b,2
09bc86c05,3
7d7eef3d3,4
6a763a055,1
30c864619,1
3c2e29219,4
95696f11b,2
9cda44cdf,2
6c9e1c82f,3
039509c40,1
ccd3e236f,3
9c0ddccc8,4
4a5a05ef7,2
a2a6b4117,4
fc4d1c61e,1
6f3f2899c,4
4874347b0,4
b8fda5b3b,4
6bb85e53d,4
9d20353ed,1
10a6c97d5,2
03edf613f,4
00be0a63e,1
283d778d2,2
696b615fb,2
3264fe773,4
1c723cf91,3
573ee1a1f,1
da405f364,3
cf44e1a59,1
241dd214b,2
146cd69b3,2
e1d40ecc1,2
bf20ac1c9,1
ac94029d4,1
2ece6b26b,1
7e250a5f1,3
c68815d52,4
0493336f7,4
50abab539,4
a371e0164,1
af8138fea,4
940b0ad69,1
295b1eef3,1
eb6c692dc,2
199f37bc2,1
855de7c89,4
1dff1959b,4
2f85c03bb,1
488bfc285,2
ec138f2a8,4
b0d64a249,2
201ea7802,1
880e13787,4
b9314a12d,1
6a00de73d,4
25a834a2e,2
2bbe22924,1
b0aaffcc6,2
2630db5dc,4
6202e7d4d,1
31912a7d7,4
2b54ee792,1
91ef9278d,1
27a776558,4
fb6c5726f,4
c92cdde7f,1
3cf9b501d,4
e7da5a824,2
f26f1acb2,3
1ef39cee1,1
08aad5787,4
e4deffd71,2
60c1c2fbd,2
c03fe7452,4
0697d76d2,1
7daf7af9c,1
93641e3f2,2
026ebf139,2
672ddf4a9,4
7a2ea6461,2
01231c438,2
8d0f353e2,1
88a5b8318,2
cfd7c3baa,1
92085e776,2
d93b38122,3
c2e4ec0c2,2
4eae8cc31,4
c1278fe60,1
afefc6424,4
7193a5332,4
4b378329b,2
27898ed6d,4
cb05f298c,3
b9fa9ce00,2
eb939ea9e,1
b4d6d190d,4
251f4dd60,4
6d87736bc,2
ff891d6b6,4
5bd62c76f,4
88f092c58,3
c56dc5726,3
4e4ba4429,2
37438ea50,3
6806f15f3,3
3eb7ac8c1,1
f5dc6f316,3
466862270,2
897e065bd,2
b6c464fd3,4
9cfe96818,2
c32eb7405,3
9b0f69f61,3
29ffe21fe,3
8c9b5b646,1
1d4adbcc2,2
c70a3fcc5,2
b4b4969b2,2
bc4e5abfd,2
eceb03b88,1
61f22ed16,2
e8be13bdf,1
ebba4f83b,4
4b8ab594e,4
a5595a935,3
8885f346b,4
d6e372a1d,2
aa2a3d9c7,4
01b167b92,1
d919bd302,4
6c62c854f,4
26bba34a6,1
26a7ffaa7,1
f4e748c72,1
f05dae9bb,4
600049d8e,2
e456bf863,3
98da79d01,2
3b41cf42a,1
f17cc636d,4
32141c266,2
fe5d572be,2
f972a14d5,4
0b8614414,1
afab70239,4
07e427e0c,3
2d5eababe,4
3bb5061e6,2
70c88aab8,1
e24a04c10,2
a479a1a6a,2
13c67e713,4
e34280d51,4
c1a3e3aa1,2
98a98311c,4
c18106b39,1
20f05426f,4
c9c5b665b,1
dde0775b8,2
d96987111,1
b9568ee6f,4
ea1736eec,1
2c8e65887,1
72bd22c9e,3
bcec3d919,1
cb8d79ada,2
081f88f27,1
4236c9245,4
6c054c4ef,4
b0dc1d4f0,3
c538efa0b,3
f3a9092a2,1
e5115cce8,3
82905a82e,4
e276a9ad1,2
c7f9361f9,4
20a9ffb5c,1
a76983523,4
6295b5bc0,1
93b289505,3
1e8b70d35,1
1b36762d2,1
d3bafdff5,2
b129e668c,4
2ac180e16,4
9804a7d82,1
33eaf34b3,4
59bedbb97,1
75a803430,1
96eb3ec09,2
e3883d4f0,1
c69ce3b59,2
29fd25bc8,2
6b42c0d29,4
c89e5d2b1,4
d6fd7962e,4
d04fbf327,2
0deeed2d9,2
b113401e2,2
562b8da1d,4
3101ea018,4
4e47644c8,2
ad2423b1f,4
baf49463a,2
de59f42db,2
e3acd4da3,4
04e829d49,4
caa967274,2
4696fb463,2
437d65d38,4
e4afff6dd,3
5ae7359ab,2
615af86e9,4
f0a2122d4,1
13485ebf1,4
68936da8c,4
ae03f99f2,2
8fad77d5b,1
cb14d1ba1,1
964b2fec4,2
770eca5eb,1
4dcee3363,1
163adc370,3
72b0f5c4d,2
2b1638a20,1
eaf87e39e,4
2f3227612,1
e464e666d,4
bc8bbffa4,4
ac1b33d79,1
0b32cba75,4
ff43926c3,4
cb278aa01,2
c7f20f68c,3
a2b34e983,1
b1fb61b31,4
e6645c764,4
4d1a986bb,1
b932b3915,1
e3749ff79,2
faa62a75b,4
5ab1e209b,3
02612ab95,2
ed5b8276f,2
cbd6b3064,4
729f4d5fa,4
7beb8f666,2
db71b8b85,2
3b5a8db4f,1
75b726ba0,1
379d5e10d,4
95636a0d9,3
86629a3ee,2
f4f5588c6,3
92a173c59,2
e669e318d,4
a46ad5cc3,1
fc32a88f1,1
d5c4ef4c0,3
ab309dd09,4
c6de9b701,4
0133b2a29,2
dc3ebf72a,1
8b0310013,1
6831a72fd,4
7374edef0,3
6d94a56ef,4
059baa037,3
a56bbc295,2
a79e1889c,4
8ab904da2,1
24554cdc8,1
f7999c9bf,2
3c03a9912,1
703f38466,1
f6e56c908,2
0e61fe015,2
0acd95320,4
df2d9957f,1
23e36bfd9,4
b5f9a9c4a,1
fd059b5b6,4
dff390828,1
95f2b5dc1,1
5f4f3347f,4
f44a6cdaf,2
b21dea224,2
780c099b4,1
23a1e62d8,4
737069cee,2
9fd0556db,4
884b9a6ec,2
11a30eacf,4
f922ee758,1
81af50144,3
b70f7c3d6,2
3ca4780f5,2
c5d0fdfac,2
abd80f666,2
81bc89458,2
b3b26191c,4
0adfa8a60,2
caa9a4f53,4
f253bd6aa,1
7ec261d88,4
69f986aaf,3
87a37261b,4
0af142ee3,4
fa3df8921,3
01b26743c,1
91a2b97ec,1
863738ca1,4
6cb5381cb,2
35fc0fd89,1
2e392586a,4
227bfa6b8,2
d40e98a9b,2
54ec12bf6,2
3219ad064,2
86fe4ed68,3
0bc3f09be,3
ba4811f35,1
de813940a,4
8368a0a44,1
3083ab744,2
5a430bd08,4
8ea9bb5d9,1
1cc98ed1d,1
66dbc2985,2
b5475edf9,2
b76a6d7fa,4
dc40c2612,2
7e2ce5b3e,1
35c9855f5,2
dcdf98438,4
cef342d22,1
e827bee5e,2
daa73505c,4
bc6d86a40,4
9866d1bd1,1
175af62c1,3
83d15cf4d,2
6b6cdfdfe,1
c74b069ef,4
08e8e74c3,1
a9bfec3ba,3
828f0e616,2
ee57c8d53,1
5ff169a48,2
056768390,4
f5bf7aabd,4
6e77550de,3
5fc55b842,2
9510b7eba,2
1042ee67b,4
e44bb666d,4
e1b0baf8a,2
1b6c5e07e,2
669a5865f,2
9c6fdbcb4,4
f32959003,1
f9b28d664,4
cbc7dc778,4
f6db28991,1
0d6db9370,2
07914c759,2
4831c683c,1
fb9a1cf69,2
f16407c21,1
ec83e77f0,3
9c95b7659,4
deeea2b65,4
1e011d469,4
0ca52e744,3
2db6c996b,3
28060651e,2
4d6350e54,1
8a5d7e622,2
380eaa884,3
237551493,2
067f49481,4
652787a1f,2
